word,lexicon
i,snowball
me,snowball
my,snowball
myself,snowball
we,snowball
our,snowball
ours,snowball
ourselves,snowball
you,snowball
your,snowball
yours,snowball
yourself,snowball
yourselves,snowball
he,snowball
him,snowball
his,snowball
himself,snowball
she,snowball
her,snowball
hers,snowball
herself,snowball
it,snowball
its,snowball
itself,snowball
they,snowball
them,snowball
their,snowball
theirs,snowball
themselves,snowball
what,snowball
which,snowball
who,snowball
whom,snowball
this,snowball
that,snowball
these,snowball
those,snowball
am,snowball
is,snowball
are,snowball
was,snowball
were,snowball
be,snowball
been,snowball
being,snowball
have,snowball
has,snowball
had,snowball
having,snowball
do,snowball
does,snowball
did,snowball
doing,snowball
would,snowball
should,snowball
could,snowball
ought,snowball
i'm,snowball
you're,snowball
he's,snowball
she's,snowball
it's,snowball
we're,snowball
they're,snowball
i've,snowball
you've,snowball
we've,snowball
they've,snowball
i'd,snowball
you'd,snowball
he'd,snowball
she'd,snowball
we'd,snowball
they'd,snowball
i'll,snowball
you'll,snowball
he'll,snowball
she'll,snowball
we'll,snowball
they'll,snowball
isn't,snowball
aren't,snowball
wasn't,snowball
weren't,snowball
hasn't,snowball
haven't,snowball
hadn't,snowball
doesn't,snowball
don't,snowball
didn't,snowball
won't,snowball
wouldn't,snowball
shan't,snowball
shouldn't,snowball
can't,snowball
cannot,snowball
couldn't,snowball
mustn't,snowball
let's,snowball
that's,snowball
who's,snowball
what's,snowball
here's,snowball
there's,snowball
when's,snowball
where's,snowball
why's,snowball
how's,snowball
a,snowball
an,snowball
the,snowball
and,snowball
but,snowball
if,snowball
or,snowball
because,snowball
as,snowball
until,snowball
while,snowball
of,snowball
at,snowball
by,snowball
for,snowball
with,snowball
about,snowball
against,snowball
between,snowball
into,snowball
through,snowball
during,snowball
before,snowball
after,snowball
above,snowball
below,snowball
to,snowball
from,snowball
up,snowball
down,snowball
in,snowball
out,snowball
on,snowball
off,snowball
over,snowball
under,snowball
again,snowball
further,snowball
then,snowball
once,snowball
here,snowball
there,snowball
when,snowball
where,snowball
why,snowball
how,snowball
all,snowball
any,snowball
both,snowball
each,snowball
few,snowball
more,snowball
most,snowball
other,snowball
some,snowball
such,snowball
no,snowball
nor,snowball
not,snowball
only,snowball
own,snowball
same,snowball
so,snowball
than,snowball
too,snowball
very,snowball
will,snowball
